use school
ALTER   TABLE  t_lab
     drop   CONSTRAINT  FK_t_lab_t_teacher_tid;

insert into t_lab
values
('101','t00000001'),
('102','t00000003'),
('201','t00000002');

insert into t_teacher
values
('t00000001','张三',40,'101'),
('t00000002','李四',40,'201'),
('t00000003','王五',38,'102'),
('t00000004','林六',35,'101'),
('t00000005','吴六',41,'102'),
('t00000006','陈七',46,'201'),
('t00000007','王八',46,'201');

insert into t_student
values
('s00000001','向问天',21,'t00000001','信息安全','101','001'),
('s00000002','任长风',21,'t00000002','信息安全','201','001'),
('s00000003','张玉铭',21,'t00000002','信息安全','201','002'),
('s00000004','杨洁语',21,'t00000001','深度学习','101','002'),
('s00000005','谢远志',21,'t00000001','神经网络','101','003'),
('s00000006','肖月',21,'t00000003','深度学习','102','001'),
('s00000007','王天凌',21,'t00000001','神经网络','101','004'),
('s00000008','蔡玲玉',21,'t00000004','信息安全','101','002'),
('s00000009','陈昌达',21,'t00000006','信息安全','201','002'),
('s00000010','柴发菊',21,'t00000007','信息安全','201','003'),
('s00000011','陈春艳',21,'t00000004','深度学习','101','003'),
('s00000012','陈碧玉',21,'t00000001','神经网络','101','003'),
('s00000013','曹艺雯',21,'t00000005','深度学习','102','002'),
('s00000014','蔡欣孺',21,'t00000004','神经网络','101','005');

insert into t_team
values
('te000001','机器人视觉研究组','t00000001'),
('te000002','机器人自主成长研究组','t00000002'),
('te000003','多模态环境感知研究组','t00000003'),
('te000004','基于视觉的事件检测研究组','t00000004'),
('te000005','异常模式识别研究组','t00000005'),
('te000006','图像分割研究组','t00000006'),
('te000007','计算机视觉问答研究组','t00000007');

insert into t_join
values
('te000001','s00000011','2019-2-15'),
('te000001','s00000012','2019-2-15'),
('te000002','s00000001','2019-3-13'),
('te000002','s00000002','2019-3-13'),
('te000002','s00000003','2019-3-13'),
('te000003','s00000014','2019-3-15'),
('te000003','s00000013','2019-3-15'),
('te000004','s00000004','2019-4-1'),
('te000004','s00000005','2019-4-1'),
('te000005','s00000006','2019-5-6'),
('te000005','s00000007','2019-5-6'),
('te000006','s00000005','2019-6-1'),
('te000006','s00000007','2019-6-1'),
('te000006','s00000004','2019-6-1'),
('te000007','s00000008','2019-9-12'),
('te000007','s00000009','2019-9-12'),
('te000007','s00000010','2019-9-12');

insert into t_project
values
('p0000001','机器人视觉注意算法',1,'te000001'),
('p0000002','机器人自主成长理论',0,'te000002'),
('p0000003','多模态环境感知',1,'te000003'),
('p0000004','基于视觉的事件检测',0,'te000004'),
('p0000005','异常模式的识别',0,'te000005'),
('p0000006','图像分割',0,'te000006'),
('p0000007','计算机视觉回答',1,'te000007');

insert into t_equipment
values
(1,'操作台',380,20),
(2,'高性能计算机',13000,30),
(3,'环境感知设备',7000,15),
(4,'高速存储硬盘',1200,20),
(5,'图像处理仪器',8500,10),
(6,'视觉处理设备',13000,10),
(7,'事件检测处理设备',12000,5);

insert into t_lease
values
(3,'te000003',4,'2019-3-15'),
(3,'te000004',6,'2019-4-1'),
(3,'te000007',3,'2019-9-12'),
(3,'te000007',1,'2019-9-12'),
(3,'te000004',1,'2019-4-1'),
(3,'te000003',3,'2019-3-15'),
(3,'te000007',3,'2019-9-12');